{
  "results": {
    "linear_regression": {
      "MAE": 2762.7094844229723,
      "MSE": 20700442.40884894,
      "R2": 0.8666627275473369
    },
    "ridge": {
      "MAE": 2767.2304427217823,
      "MSE": 20624971.855319157,
      "R2": 0.8671488542474045
    },
    "random_forest": {
      "MAE": 2430.3534359901582,
      "MSE": 19754043.292543944,
      "R2": 0.8727587458993783
    }
  },
  "best_model": "random_forest"
}